Time,Mon 06/06,Tue 06/07,Wed 06/08,Thu 06/09,Fri 06/10,Sat 06/11,Sun 06/12,Mon 06/13
800,71,85,55,87,59,43,42,73
805,82,61,40,77,42,61,72,84
810,79,42,60,49,53,59,47,70
815,81,47,83,59,83,89,89,72
820,43,67,86,75,84,90,87,77
825,53,57,68,52,56,57,55,86
830,62,51,48,89,61,51,44,64
835,49,61,56,73,61,64,58,49
840,89,63,77,88,87,43,54,54
845,89,62,42,63,68,88,50,42
850,58,62,59,90,73,77,80,85
855,47,62,62,54,63,51,72,59
900,77,71,80,47,90,59,53,65
905,44,90,46,45,88,65,70,88
910,72,89,50,84,61,47,67,52
915,84,43,40,63,63,56,56,84
920,41,78,40,80,59,76,71,62
925,67,43,66,52,53,58,42,54
930,64,74,75,75,66,66,41,86
935,58,74,82,84,64,88,68,61
940,50,40,67,60,44,55,60,90
945,76,76,65,56,59,63,58,40
950,59,70,89,48,80,84,83,87
955,57,42,58,55,60,82,56,40
1000,53,89,76,87,40,52,59,70
1005,74,90,44,62,51,83,81,57
1010,55,42,74,66,75,71,42,66
1015,49,83,90,72,87,86,42,53
1020,88,47,57,83,66,73,48,47
1025,57,79,52,70,81,80,56,76
1030,73,69,79,41,43,84,57,58
1035,62,69,74,88,43,74,87,74
1040,86,90,62,89,73,42,77,44
1045,90,75,50,83,68,79,61,69
1050,63,55,69,63,48,73,72,63
1055,74,88,84,86,64,88,86,81
